CREATE DATABASE  IF NOT EXISTS `happypi` /*!40100 DEFAULT CHARACTER SET utf8mb4 COLLATE utf8mb4_0900_ai_ci */ /*!80016 DEFAULT ENCRYPTION='N' */;
USE `happypi`;
-- MySQL dump 10.13  Distrib 8.0.26, for Win64 (x86_64)
--
-- Host: 127.0.0.1    Database: happypi
-- ------------------------------------------------------
-- Server version	8.0.26

/*!40101 SET @OLD_CHARACTER_SET_CLIENT=@@CHARACTER_SET_CLIENT */;
/*!40101 SET @OLD_CHARACTER_SET_RESULTS=@@CHARACTER_SET_RESULTS */;
/*!40101 SET @OLD_COLLATION_CONNECTION=@@COLLATION_CONNECTION */;
/*!50503 SET NAMES utf8 */;
/*!40103 SET @OLD_TIME_ZONE=@@TIME_ZONE */;
/*!40103 SET TIME_ZONE='+00:00' */;
/*!40014 SET @OLD_UNIQUE_CHECKS=@@UNIQUE_CHECKS, UNIQUE_CHECKS=0 */;
/*!40014 SET @OLD_FOREIGN_KEY_CHECKS=@@FOREIGN_KEY_CHECKS, FOREIGN_KEY_CHECKS=0 */;
/*!40101 SET @OLD_SQL_MODE=@@SQL_MODE, SQL_MODE='NO_AUTO_VALUE_ON_ZERO' */;
/*!40111 SET @OLD_SQL_NOTES=@@SQL_NOTES, SQL_NOTES=0 */;

--
-- Table structure for table `country`
--

DROP TABLE IF EXISTS `country`;
/*!40101 SET @saved_cs_client     = @@character_set_client */;
/*!50503 SET character_set_client = utf8mb4 */;
CREATE TABLE `country` (
  `年` int DEFAULT NULL,
  `一月` int DEFAULT NULL,
  `二月` double DEFAULT NULL,
  `三月` int DEFAULT NULL,
  `四月` int DEFAULT NULL,
  `五月` int DEFAULT NULL,
  `六月` int DEFAULT NULL,
  `七月` int DEFAULT NULL,
  `八月` int DEFAULT NULL,
  `九月` int DEFAULT NULL,
  `十月` int DEFAULT NULL,
  `十一月` bigint DEFAULT NULL,
  `十二月` bigint DEFAULT NULL,
  `旅遊人數總計` bigint DEFAULT NULL,
  `縣市` text,
  `地點` text
) ENGINE=InnoDB DEFAULT CHARSET=utf8mb4 COLLATE=utf8mb4_0900_ai_ci;
/*!40101 SET character_set_client = @saved_cs_client */;

--
-- Dumping data for table `country`
--

LOCK TABLES `country` WRITE;
/*!40000 ALTER TABLE `country` DISABLE KEYS */;
INSERT INTO `country` VALUES (2019,16358,34154,19223,22918,18408,20368,20841,21888,13500,17686,16880,15873,238097,'臺北市','陽明山遊客中心'),(2019,8761,12488,2415,11296,10862,10557,13671,11650,7134,9475,10703,8483,117495,'臺北市','陽明書屋'),(2019,10340,362770,616450,35100,28300,26400,14400,13300,13500,9800,9400,9300,1149060,'臺北市','陽明公園'),(2019,28853,76943,48256,58579,51847,45953,80894,53030,31455,47110,38052,7643,568615,'臺北市','大屯遊憩區'),(2019,27659,53265,131849,133843,43516,82158,44290,41467,51423,33778,34252,36266,713766,'臺北市','龍鳳谷遊憩區'),(2019,28108,40606,39406,44955,37215,45312,37499,33254,30628,45888,42434,43712,469017,'臺北市','小油坑遊憩區'),(2019,24167,44003,46344,45917,37508,54834,59303,67573,46038,58419,74151,59243,617500,'臺北市','冷水坑'),(2019,35287,37730,34293,47182,40755,50246,52741,43875,51621,80294,78972,56932,609928,'臺北市','擎天崗'),(2019,27352,34907,35222,35030,20767,34606,35373,22122,51528,70039,61916,48972,477834,'南投縣','塔塔加遊憩區'),(2019,4101,6642,2501,2095,1658,2087,1524,1441,1427,2640,2395,4980,33491,'高雄市','梅山遊客中心'),(2019,21924,26010,26386,28353,24358,28632,34775,31287,28446,30436,25996,26551,333154,'花蓮縣','南安遊客中心'),(2019,11190,11363,9086,8806,10814,9319,10718,9276,7502,9474,8179,9109,114836,'南投縣','玉山管理處遊客服務中心'),(2019,1987,3,3977,5544,5068,5870,5692,4385,6243,6903,6832,5620,58124,'南投縣','排雲山莊'),(2019,41630,52851,64057,64401,70397,66579,57471,48540,60223,63614,62585,51766,704114,'苗栗縣','汶水遊客中心'),(2019,6609,9003,9913,10036,6713,10120,14214,12371,7838,11422,8014,7872,114125,'苗栗縣','觀霧遊客中心'),(2019,4581,11646,8526,7381,4895,8736,11881,9796,14292,15707,14056,8499,119996,'苗栗縣','雪見遊憩區'),(2019,11621,42651,20308,8462,4460,8350,16692,10251,8669,12231,14755,13008,171458,'臺中市','武陵遊客中心'),(2019,5568,4406,4744,6100,6967,5480,6516,6249,4141,10586,7886,7481,76124,'屏東縣','墾丁國家公園管理處遊客中心'),(2019,52352,86352,60369,72794,87824,69531,88957,99372,39369,52151,37492,39720,786283,'屏東縣','鵝鑾鼻公園'),(2019,51697,65573,78369,90865,102431,66948,74508,73787,27426,32621,36079,37372,737676,'屏東縣','貓鼻頭公園'),(2019,10191,16637,11837,12613,11532,10852,15128,12535,12023,15263,12107,11369,152087,'屏東縣','佳樂水'),(2019,8637,9482,8577,8130,7383,7062,5704,4021,7892,13373,9589,9225,99075,'屏東縣','社頂自然公園'),(2019,25673,38780,41976,48566,50195,61229,50184,42026,20354,23802,15840,12979,431604,'屏東縣','南灣遊憩區'),(2019,8262,6123,4991,6083,5802,7413,7044,13463,8852,9758,9276,8500,95567,'屏東縣','龍鑾潭自然中心'),(2019,15993,28939,16539,15485,13553,15970,18322,13463,8003,10444,9447,11011,177169,'屏東縣','砂島貝殼砂展示館'),(2019,59884,60050,71186,72956,84561,85380,100387,88777,53252,68274,66831,55304,866842,'花蓮縣','太魯閣國家公園遊客中心'),(2019,19830,18613,16557,14008,15667,20385,18991,13998,13677,20581,19074,14624,206005,'花蓮縣','布洛灣遊憩區'),(2019,254761,393364,273656,286547,254628,305073,425932,312656,284380,382088,307581,275094,3755760,'花蓮縣','臺八線沿線景觀區'),(2019,10849,9406,11836,13041,15212,13868,14052,12484,10829,13109,13420,13004,151110,'金門縣','中山林遊客中心'),(2019,30546,32868,43605,46609,58770,53041,56656,45779,30788,46869,44988,33311,523830,'金門縣','翟山坑道'),(2019,7381,7668,11105,12623,18878,17330,15717,11487,13449,12040,0,0,127678,'金門縣','雙鯉溼地自然中心'),(2019,12065,12837,15821,16654,23078,22205,22083,16205,22215,29026,24471,19415,236075,'金門縣','古寧頭戰史館'),(2019,5241,5153,9952,10975,16232,17987,15498,9962,15860,24413,19631,15430,166334,'金門縣','九宮(四維)坑道'),(2019,9278,8895,11922,12743,17428,16453,15218,11362,15422,25210,19718,17904,181553,'金門縣','八二三砲戰紀念館'),(2019,5774,6179,10934,11491,16674,17808,16077,10069,16500,25538,20765,16214,174023,'金門縣','湖井頭戰史館'),(2019,15526,15262,11219,11262,14460,14476,13604,10504,9241,12757,10721,7562,146594,'金門縣','金水學校'),(2019,17775,16493,25493,24341,30926,21256,20626,19766,10431,15655,14751,13786,231299,'金門縣','蔣經國先生紀念館'),(2019,20958,18412,31091,28019,36163,33296,31012,25449,24656,40711,35435,30464,355666,'金門縣','民俗文化村'),(2019,15506,13265,13551,13182,16939,17238,15189,12187,11923,14746,12535,8297,164558,'金門縣','得月樓'),(2019,6789,6306,10035,12328,12681,10566,11294,10075,10028,12773,10591,8643,122109,'新北市','鼻頭港服務區'),(2019,1423,2950,2233,3839,4232,7982,14722,10142,6542,4124,2037,1762,61988,'新北市','龍洞灣公園'),(2019,303,812,593,970,3481,5886,10880,5714,3075,1047,835,672,34268,'新北市','龍洞南口海洋公園'),(2019,29941,25809,21650,30577,97131,78777,93702,132006,81087,84516,87802,52132,815130,'新北市','福隆遊客服務中心'),(2019,25175,76100,21487,32876,27053,35704,20627,28823,30389,38733,151600,38366,526933,'宜蘭縣','大里遊客服務中心'),(2019,1243,2151,2603,4410,4257,3331,3014,3403,5758,7244,3393,2721,43528,'新北市','龍門露營區'),(2019,1598,3467,5546,7018,10193,8038,7735,5597,8490,11353,10006,5863,84904,'新北市','鹽寮海濱公園'),(2019,4380,6530,5230,5150,5220,5702,7770,6450,4758,7230,8135,5336,71891,'新北市','鼻頭角步道'),(2019,9578,17049,18319,27653,25539,24472,33807,28168,22250,33007,21365,13921,275128,'新北市','舊草嶺隧道'),(2019,24033,63110,57416,52809,41648,67284,35902,33445,35697,44835,260736,40579,757494,'新北市','草嶺古道系統(含遠望坑親水公園)'),(2019,12513,13988,11058,15272,11863,10723,12885,23450,13341,17370,15732,10979,169174,'宜蘭縣','北關海潮公園'),(2019,0,0,8088,20045,20918,25613,23505,14776,16446,17074,6080,0,152545,'宜蘭縣','龜山島海域遊憩區'),(2019,15889,28410,19801,15988,25015,30142,87100,59227,29076,29850,21209,13234,374941,'宜蘭縣','外澳濱海遊憩區'),(2019,19888,35990,22061,31784,24459,24824,48147,20101,1490,503,124,651,230022,'宜蘭縣','南方澳遊客中心'),(2019,725,1790,2000,33928,75505,65150,82551,330336,244761,4890,1833,678,844147,'新北市','福隆蔚藍海岸'),(2019,199161,214635,262258,273391,257368,215716,214583,208912,150507,232010,234254,217275,2680070,'新北市','野柳地質公園'),(2019,20886,28860,35505,69305,88343,141474,199395,151585,110704,107464,36219,23557,1013297,'新北市','白沙灣'),(2019,11272,14060,15997,14893,13465,13386,14704,15743,10061,12746,13047,12921,162295,'新北市','翡翠灣濱海遊憩區'),(2019,80120,65483,79927,86301,86733,97010,100265,91084,76488,94278,82218,90365,1030272,'新北市','觀音山'),(2019,44473,51789,74036,79895,76588,78656,81724,81159,90425,100008,68577,55587,882917,'基隆市','情人湖及湖海灣'),(2019,7522,14735,13054,21127,13427,14836,21027,20760,15369,23421,17882,11672,194832,'新北市','野柳海洋世界'),(2019,11216,27614,32664,49421,43923,38658,35669,34915,43470,59788,46784,37025,461147,'新北市','金山遊憩區'),(2019,15946,25931,37552,41618,36768,32569,37133,31152,31313,28477,33573,16137,368169,'新北市','三芝遊憩區'),(2019,21597,39645,41458,53800,47849,56222,54993,60850,61589,75670,52931,39880,606484,'基隆市','和平島公園'),(2019,42096,114592,53819,55585,18392,56778,65771,51654,47709,76751,40976,40877,665000,'臺東縣','小野柳(加路蘭)'),(2019,41887,60290,45667,45727,37957,41524,64872,52134,40093,56200,45216,40454,572021,'臺東縣','三仙臺'),(2019,9103,11909,14631,13833,11626,10271,11551,9482,11625,11476,8815,6124,130446,'臺東縣','八仙洞'),(2019,14150,13621,15319,15052,13856,18729,24300,19043,19355,19001,14394,12615,199435,'花蓮縣','秀姑巒溪遊客中心'),(2019,6944,15082,15220,35499,38070,52841,66709,35395,36840,28644,9990,6231,347465,'臺東縣','綠島'),(2019,0,0,0,0,0,0,13899,9857,8124,8239,6457,7568,54144,'臺東縣','都歷處本部'),(2019,20022,31159,31386,30868,29015,24672,27764,24058,15766,21196,17148,16166,289220,'花蓮縣','石梯坪'),(2019,4464,5873,4652,4249,4481,3905,4328,3941,3362,3366,2744,2632,47997,'花蓮縣','花蓮管理站遊客中心'),(2019,72564,102580,94336,91869,82092,105248,108162,87816,82109,96432,86143,76784,1086135,'花蓮縣','鯉魚潭風景特定區'),(2019,40373,94230,46259,54384,45119,68367,199337,117804,45159,51951,42533,46205,851721,'臺東縣','鹿野高臺'),(2019,9214,19681,10177,13837,12001,9053,13060,10146,7981,15105,9179,8644,138078,'花蓮縣','新光兆豐休閒農場'),(2019,6473,10560,6282,5957,4014,4005,9288,9335,4536,6970,5145,5315,77880,'臺東縣','關山親水公園'),(2019,397569,616151,383720,644048,523530,551888,488760,617603,593717,715884,631453,672206,6836529,'新竹縣','獅頭山風景區'),(2019,21444,55955,31175,22125,12403,25488,32562,18361,26422,61340,98270,47395,452940,'臺中市','梨山遊憩區'),(2019,338453,615515,456363,408212,343673,385143,386834,418214,341103,403980,377273,365301,4840064,'彰化縣','八卦山風景區'),(2019,182452,181320,163395,98030,101077,123163,138973,111915,158911,190710,202595,220254,1872795,'臺中市','谷關遊憩區'),(2019,55901,107791,57149,53383,34197,43553,50628,35053,40099,55682,49606,46885,629927,'臺南市','七股鹽山'),(2019,21672,66637,37599,36513,24995,28191,21181,18727,25176,37294,33265,31975,383225,'臺南市','北門遊客中心'),(2019,17328,25826,21678,21282,16551,23716,21609,20215,20172,25324,24973,23939,262613,'臺南市','井仔腳瓦盤鹽田'),(2019,0,0,0,0,0,0,0,0,0,0,0,0,0,'臺南市','馬沙溝濱海遊憩區'),(2019,7643,15340,17156,21802,15643,12421,10828,9323,13002,14511,9498,7787,154954,'嘉義縣','圓潭自然生態園區'),(2019,20047,23644,38801,41940,53060,38448,31732,27939,12450,17345,17250,14964,337620,'嘉義縣','達娜伊谷'),(2019,8018,8453,8647,8223,7665,8216,9685,7517,5769,5197,4581,4352,86323,'嘉義縣','觸口遊客中心'),(2019,240123,631903,563969,464819,359117,281654,402630,356557,315466,368067,458879,323656,4766840,'南投縣','日月潭環潭區'),(2019,1581,3890,2297,2369,1522,1480,2992,1949,2135,2700,1662,2026,26603,'南投縣','水里蛇窯'),(2019,93601,123628,110833,113979,78147,101633,107435,84279,107074,117613,115908,118749,1272879,'南投縣','車埕'),(2019,11943,28290,18948,19358,16214,18044,20743,24757,19154,29431,22126,42565,271573,'臺南市','曾文水庫'),(2019,6502,20999,20963,19226,19978,27742,20718,16466,6502,21647,33925,24260,238928,'臺南市','烏山頭水庫風景區'),(2019,153800,198813,107315,57423,80702,70017,73015,73758,80926,71574,69134,143896,1180373,'臺南市','關子嶺溫泉區'),(2019,25732,36529,25791,26608,27766,28186,20435,16813,26108,35328,29483,24422,323201,'臺南市','虎頭埤風景區'),(2019,5452,8728,7817,8881,5314,5791,6556,4220,5508,7335,7848,5750,79200,'嘉義縣','中埔遊客中心'),(2019,29957,37399,28122,15741,16803,28858,11166,10440,10209,17590,16828,40059,263172,'高雄市','茂林遊憩區'),(2019,18225,23473,20585,16604,18759,19474,17005,15968,19062,23052,22614,47561,262382,'高雄市','寶來、不老溫泉區'),(2019,26819,36954,42547,33313,33070,18403,22659,26029,49851,44463,33270,18967,386345,'屏東縣','臺灣原住民文化園區'),(2019,22468,29136,26308,22187,11539,14512,10994,7328,17712,20580,21464,18115,222343,'屏東縣','霧臺遊憩區'),(2019,8007,16964,10229,11726,8179,12474,7693,4951,12612,15299,9865,8597,126596,'屏東縣','涼山遊憩區'),(2019,2427,3823,5216,3741,2484,2640,2035,1382,1814,2237,1938,2232,31969,'屏東縣','禮納里部落'),(2019,18394,226525,89450,94069,41676,43763,56129,51801,40517,37871,37450,36835,774480,'屏東縣','三地門遊憩區'),(2019,13926,28988,28405,43585,42332,54055,58209,34140,40020,46956,31941,19031,441588,'屏東縣','小琉球遊憩區'),(2019,27091,8552367,5103852,129340,48600,51442,37980,28481,34827,45168,33763,32847,14125758,'屏東縣','大鵬灣遊憩區'),(2019,2975,3103,8364,11838,17468,13632,9443,7107,9761,10724,6333,7902,108650,'澎湖縣','澎湖遊客中心'),(2019,8426,9097,17290,61877,90691,94673,73152,43239,44699,27549,9309,8114,488116,'澎湖縣','南海遊客中心'),(2019,2643,3092,4202,20956,33806,48374,45444,29127,20535,7808,2732,2530,221249,'澎湖縣','北海遊客中心'),(2019,901,501,2636,6347,8196,6893,7740,4743,5463,3243,1841,989,49493,'澎湖縣','西嶼西臺'),(2019,6650,7540,11650,48180,64420,65360,64660,43780,35750,28940,13670,7150,397750,'澎湖縣','小門地質展示中心'),(2019,0,0,0,2790,6474,9931,8644,5119,3603,1833,85,5,38484,'澎湖縣','綠蠵龜觀光保育中心'),(2019,2072,2293,9858,51600,75108,84569,57696,34153,34632,16643,2316,1696,372636,'澎湖縣','七美遊客中心'),(2019,9970,10535,19753,48400,67573,80142,77194,57282,59357,54681,26337,20075,531299,'澎湖縣','北寮奎壁山地質公園'),(2019,241,452,690,1928,3366,2979,2228,1861,2860,1652,657,341,19255,'連江縣','東引遊客中心'),(2019,396,938,1244,2586,5280,4812,4218,2036,2474,2809,1367,1109,29269,'連江縣','莒光遊客中心'),(2019,2346,2606,4487,5575,9049,8838,9298,6421,7546,8862,7069,5613,77710,'連江縣','北竿遊客中心'),(2019,2462,2400,4516,4157,9822,9365,10797,6472,5104,5374,4177,3801,68447,'連江縣','南竿遊客中心'),(2019,182500,310000,199000,215000,142400,158600,163500,153000,148000,189000,143500,143200,2147700,'新北市','烏來風景特定區'),(2019,208500,229000,239500,242000,127000,168900,143000,110000,117200,205000,167000,234100,2191200,'新北市','碧潭風景特定區'),(2019,1088,2388,2002,4140,4964,7405,16177,11463,6713,6994,2619,1357,67310,'宜蘭縣','武荖坑風景區'),(2019,101234,107316,87980,103796,100780,164964,88092,87340,77924,123061,116244,135637,1294368,'桃園市','石門水庫風景區'),(2019,47380,34636,23901,24624,23445,27335,29931,20687,21318,27004,21108,19070,320439,'桃園市','角板山遊憩區'),(2019,151580,154200,155340,178810,173420,151104,169260,163600,120140,154111,175280,213167,1960012,'桃園市','虎頭山風景特定區'),(2019,8859,16984,13849,13194,13158,26749,270030,243563,10549,21009,13255,11300,662499,'宜蘭縣','冬山河親水公園'),(2019,38132,41201,46385,41685,54885,63150,73789,56371,53531,73181,74913,58964,676187,'宜蘭縣','五峰旗風景區'),(2019,32820,39397,40970,35727,37486,33976,25614,20907,28607,41062,37036,31938,405540,'宜蘭縣','龍潭湖'),(2019,111339,125314,87087,87211,77972,87735,166690,111204,83177,86867,80902,80345,1185843,'花蓮縣','七星潭風景區'),(2019,14480,28682,21222,22190,18136,31726,40452,29730,20128,32442,24962,16762,300912,'桃園市','小烏來風景特定區'),(2019,21635,24498,25835,27920,28028,34686,78773,53816,71127,49096,28360,25147,468921,'臺中市','鐵砧山'),(2019,11036,10126,13115,16492,18337,12149,21277,17301,14515,30142,16090,9912,190492,'南投縣','東埔溫泉'),(2019,123788,126802,102468,106432,106839,104567,115963,117100,125230,125300,134489,155941,1444919,'嘉義市','蘭潭'),(2019,406500,669000,454800,408000,348000,349700,391000,426000,356500,465000,488000,362000,5124500,'新北市','瑞芳風景特定區'),(2019,18245,26699,59799,163500,120614,135565,132329,116862,110403,132640,135048,127433,1279137,'新竹縣','內灣風景區'),(2019,28839,40659,42300,35039,19422,18157,33393,62591,17875,28709,27296,24582,378862,'臺東縣','台東森林公園'),(2019,1705,2777,1997,3619,3227,1306,3068,2300,1578,2291,3705,2344,29917,'花蓮縣','池南國家森林遊樂區'),(2019,2673,5287,3101,3648,2495,3074,2500,2673,2417,4156,3679,5208,40911,'花蓮縣','富源國家森林遊樂區'),(2019,99008,135638,215829,164040,84378,100453,122941,87437,66669,91963,94387,90533,1353276,'嘉義縣','阿里山國家森林遊樂區'),(2019,14279,17180,12754,14653,10385,8477,9898,7027,9678,15195,14264,12427,146217,'屏東縣','墾丁國家森林遊樂區'),(2019,8036,14019,14453,16395,15891,21377,26447,19401,18566,25506,20101,15570,215762,'新北市','滿月圓國家森林遊樂區'),(2019,14937,23962,20500,22618,17594,22334,29631,20775,18477,28501,21845,17881,259055,'新北市','內洞國家森林遊樂區'),(2019,31038,46912,36808,35019,33153,46025,62901,44072,39403,57711,54864,37881,525787,'宜蘭縣','太平山國家森林遊樂區'),(2019,6191,13613,9181,8551,8568,10154,17212,10038,9376,11839,9946,7256,121925,'宜蘭縣','棲蘭森林遊樂區'),(2019,9111,16313,12076,11671,9596,14244,19992,13968,12129,16054,15504,12416,163074,'宜蘭縣','明池森林遊樂區'),(2019,6066,12916,11244,11681,10975,21735,27393,19232,16085,24788,15625,10533,188273,'桃園市','東眼山國家森林遊樂區'),(2019,8767,13898,9932,9345,7286,11790,13274,7715,12269,16863,15627,12516,139282,'臺中市','八仙山國家森林遊樂區'),(2019,7402,12479,8927,10269,6602,15543,20449,10251,15765,19722,15516,16293,159218,'臺中市','大雪山國家森林遊樂區'),(2019,13527,16745,8152,4581,2305,11713,7852,3816,6385,16970,38017,50734,180797,'南投縣','奧萬大國家森林遊樂區'),(2019,10493,19663,12164,13843,8537,11999,14262,7152,16140,16455,13920,10082,154710,'南投縣','惠蓀林場'),(2019,98746,101280,123878,135712,121009,151264,202561,139557,195241,185369,161793,129593,1746003,'南投縣','溪頭自然教育園區'),(2019,2390,2387,2302,2921,2890,2654,3306,2320,3037,3489,3030,2805,33531,'南投縣','合歡山國家森林遊樂區'),(2019,6982,7923,6356,7748,5522,7734,5688,4119,8006,11508,11184,8475,91245,'屏東縣','雙流國家森林遊樂區'),(2019,14376,15392,10596,10289,7686,6222,10778,7091,7282,13208,14993,14137,132050,'臺東縣','知本國家森林遊樂區'),(2019,1491,2603,1017,2710,1010,989,2223,1566,3218,5163,4699,5700,32389,'新竹縣','萬瑞森林樂園'),(2019,20389,41873,19385,19367,13234,20369,49535,31795,17826,24597,17733,19208,295311,'臺東縣','初鹿牧場'),(2019,5643,14635,10809,9667,6317,5216,4332,2822,4569,5975,11509,7873,89367,'臺南市','南元休閒農場'),(2019,20200,66200,40200,40150,33900,29200,28450,29830,22650,42300,39500,21000,413580,'新竹縣','綠世界生態農場'),(2019,1651,1585,1420,2372,2152,1642,1131,1423,1721,2178,2015,2019,21309,'新竹縣','南園人文客棧'),(2019,14900,35341,25579,31124,16994,17727,16104,13719,18421,31666,26123,20085,267783,'苗栗縣','飛牛牧場'),(2019,16902,49639,31976,31614,25546,16713,11803,9688,16902,40161,22451,28983,302378,'臺南市','走馬瀨農場'),(2019,352391,479675,347229,369120,343108,409865,604649,579887,424231,356096,339426,489026,5094703,'臺中市','麗寶樂園'),(2019,8898,21057,12842,43217,14970,7911,9371,6877,6822,12881,11147,10140,166133,'臺中市','東勢林場遊樂區'),(2019,13930,16917,8170,7463,5043,4157,3437,4548,5124,6563,7736,9229,92317,'臺南市','延平郡王祠'),(2019,62972,74236,55095,55630,63231,69182,43255,44940,37935,53262,53817,51768,665323,'臺南市','赤嵌樓'),(2019,27970,23049,0,0,0,0,0,0,0,0,0,0,51019,'臺南市','臺南孔子廟'),(2019,44080,51965,38567,38941,44262,48427,30279,31458,26555,37284,37672,36238,465728,'臺南市','祀典武廟'),(2019,50377,59389,44076,44504,50585,55346,34604,35952,30348,42609,43053,41414,532257,'臺南市','大天后宮'),(2019,132031,171807,123156,123222,117412,120506,93617,91977,82447,111833,119259,132620,1419887,'臺南市','安平小鎮'),(2019,49621,100774,61294,74109,66768,91292,139987,123268,84178,106290,65954,58573,1022108,'屏東縣','國立海洋生物博物館'),(2019,39530,65638,60480,91027,91890,73673,69113,64494,59694,70240,79390,821033,1586202,'苗栗縣','臺灣客家文化館'),(2019,65710,149615,95580,84089,79112,81080,62865,47591,82782,80800,85108,979100,1893432,'屏東縣','六堆客家文化園區'),(2019,370990,407593,366684,340563,352990,292033,338031,354840,191623,266119,276443,274464,3832373,'臺北市','國立故宮博物院'),(2019,48208,42015,41689,32279,35872,38124,43477,59930,47558,48547,39836,43354,520889,'臺北市','市立美術館'),(2019,0,4441,9761,361613,359689,255642,172933,86990,63898,34642,24538,41679,1415826,'臺北市','國立歷史博物館'),(2019,174599,170695,220887,173365,159213,249763,561883,413667,212570,187712,224782,251625,3000761,'臺北市','國立臺灣科學教育館'),(2019,46631,54953,94230,81411,57611,57474,106838,112152,81632,77255,51425,57874,879486,'臺北市','市立天文科學教育館'),(2019,389490,332175,416210,439080,489900,437930,427510,410440,267845,360215,331495,413595,4715885,'臺北市','國父紀念館'),(2019,447921,465276,522040,505600,458051,394512,414638,434332,302383,450003,363845,449397,5207998,'臺北市','國立中正紀念堂'),(2019,29366,18645,14216,9868,15340,15143,17774,19330,16318,22672,30299,22489,231460,'臺北市','臺北探索館'),(2019,7914,10030,9196,10709,13188,16036,13263,13240,13433,15338,13035,12370,147752,'新北市','坪林茶業博物館'),(2019,35919,39627,44390,78160,46865,48769,69814,90039,66370,105922,55045,45469,726389,'新北市','新北市立鶯歌陶瓷博物館'),(2019,26202,39713,32391,38794,99058,73710,47183,52667,47284,75937,46223,38995,618157,'新北市','新北市立十三行博物館'),(2019,151621,144291,160572,181059,150449,156185,174034,188849,140415,193432,167976,163568,1972451,'新北市','新北市黃金博物園區'),(2019,72394,71832,73528,69175,74337,84820,99027,129196,71809,79809,72843,83381,982151,'新北市','新北市客家文化園區'),(2019,101869,127409,145033,162862,160322,239666,207519,302549,251664,244892,150480,114459,2208724,'基隆市','國立海洋科技博物館'),(2019,974,904,947,1412,1001,894,1863,1351,1201,1546,1176,1069,14338,'基隆市','陽明海洋文化藝術館'),(2019,3836,4853,4698,7147,7550,6396,6957,7672,5241,10860,5254,5256,75720,'苗栗縣','木雕博物館'),(2019,194702,200349,225758,225755,196237,230037,350911,312565,183641,199133,162462,168552,2650102,'臺中市','國立自然科學博物館'),(2019,74603,60934,54279,61706,62876,66370,70711,66180,49595,61345,57814,49700,736113,'臺中市','國立臺灣美術館'),(2019,2764,7007,3023,2612,1698,3067,4633,3556,2058,2604,2605,1881,37508,'臺南市','臺灣鹽博物館'),(2019,33908,37518,38731,33908,41013,40987,42444,39332,36131,62481,28653,33164,468270,'臺南市','國立臺灣歷史博物館'),(2019,120874,134576,136778,173677,151420,198510,206476,246879,139872,290484,131846,127599,2058991,'高雄市','國立科學工藝博物館'),(2019,50328,66188,70559,40898,48556,44852,49599,55336,37113,43001,44508,55105,606043,'高雄市','高雄市立美術館'),(2019,22685,33339,20736,23545,26260,28043,31162,32957,25823,24842,22608,30087,322087,'高雄市','高雄市立歷史博物館'),(2019,3317,3598,4048,4618,4366,2837,2736,1942,3222,3760,0,0,34444,'高雄市','陽明高雄海洋探索館'),(2019,12107,16467,11053,11172,9026,14462,32179,24465,10774,13683,12412,11737,179537,'臺東縣','國立臺灣史前文化博物館'),(2019,18491,20789,19201,18673,15143,14876,20775,18194,17504,20250,23559,23061,230516,'臺東縣','卑南遺址公園'),(2019,32948,27504,42250,48006,61416,50979,48576,42461,32083,44252,42174,33597,506246,'金門縣','莒光樓'),(2019,0,0,0,0,0,0,0,0,0,0,0,0,0,'嘉義市','嘉義市立博物館'),(2019,7370,13165,8488,8211,5676,7010,6407,4616,6066,14594,13481,10310,105394,'高雄市','美濃客家文物館'),(2019,14230,10494,23031,19933,51432,46863,26644,26451,21766,36076,41609,18852,337381,'臺北市','台北當代藝術館'),(2019,964,7343,5453,7799,7557,8199,16155,14778,12948,11978,7462,8521,109157,'新北市','朱銘美術館'),(2019,57471,97898,63937,73543,60293,65922,78885,83349,76029,77946,70435,122891,928599,'臺南市','奇美博物館'),(2019,37415,25183,30615,28633,30010,28274,30907,31433,43952,42903,43298,43945,416568,'臺北市','北投溫泉博物館'),(2019,0,0,0,2205,2299,1850,2535,2806,2177,3102,3619,0,20593,'臺北市','台北故事館'),(2019,21896,27972,21431,22678,22771,15519,13682,18087,15752,26286,28735,55693,290502,'新北市','林本源園邸( 林家花園)'),(2019,4529,5003,5821,5556,4710,5260,5446,5065,4627,5566,3943,4009,59535,'新北市','三峽歷史文物館'),(2019,23803,8385,5368,0,0,0,0,29569,34578,46960,53539,36577,238779,'臺北市','凱達格蘭文化館'),(2019,44396,38484,43946,43933,56831,53038,73372,68085,36149,43330,38821,40925,581310,'臺北市','國立臺灣博物館'),(2019,306700,3156000,243600,437500,178600,197200,187200,213400,224300,231000,218000,217600,5811100,'雲林縣','北港朝天宮'),(2019,700500,905000,800000,762500,910000,790000,912000,570000,890100,901500,830000,825000,9796600,'臺南市','南鯤鯓代天府'),(2019,204658,568118,465681,397055,449996,395466,375693,281770,300554,255480,228100,217298,4139869,'臺南市','麻豆代天府'),(2019,74051,88787,134339,133101,129263,106497,92228,70462,41660,42506,50436,44609,1007939,'南投縣','中臺禪寺'),(2019,458009,2363018,792975,661520,628630,565544,553048,528629,431874,497708,824353,696649,9001957,'高雄市','佛光山'),(2019,26960,51080,22100,28600,21300,21950,24090,13500,26300,26300,22200,21800,306180,'臺中市','萬和宮'),(2019,140500,71500,72000,118000,69500,60000,71500,52000,74500,62000,67400,65000,923900,'臺中市','大甲鎮瀾宮'),(2019,1695,3982,1126,1855,1363,1081,1146,629,1150,1547,1420,1142,18136,'新北市','清水祖師廟'),(2019,14186,55780,19135,18906,16513,9928,14419,12844,12814,14498,25405,11928,226356,'新北市','法鼓山世界佛教教育園區'),(2019,94810,230750,173640,138890,150640,152480,203976,125310,168580,194526,145760,158960,1938322,'彰化縣','鹿港龍山寺'),(2019,25100,60883,34841,41505,23646,41914,76381,60603,39399,48636,33548,31480,517936,'花蓮縣','花蓮海洋公園'),(2019,10066,11017,12193,10760,10967,11245,17650,13106,11926,14346,14143,12566,149985,'臺東縣','原生應用植物園'),(2019,7639,9370,8486,6379,6150,6659,11260,7926,6998,7127,6508,6139,90641,'臺東縣','布農部落'),(2019,27188,67619,38609,46225,30955,44441,59587,58828,39977,39192,28736,23687,505044,'花蓮縣','花蓮觀光糖廠'),(2019,15940,21285,24600,27899,26145,31259,38800,33500,28037,40200,26690,25300,339655,'花蓮縣','立川漁場'),(2019,42934,144130,117395,87460,62756,50233,79171,70146,75740,79371,95653,73313,978302,'南投縣','九族文化村'),(2019,127997,128800,156837,137043,134097,117954,130217,138062,109130,150100,155533,152725,1638495,'臺北市','國民革命忠烈祠'),(2019,31653,25186,23877,36932,21640,24520,34826,30664,23137,25060,29365,21735,328595,'臺北市','國立臺灣藝術教育館'),(2019,244659,362155,298585,321794,216501,151763,294727,304173,201374,382891,345189,308949,3432760,'臺北市','市立動物園'),(2019,139202,525045,256043,381400,166076,108956,90077,94659,60445,112863,468831,411415,2815012,'臺北市','士林官邸公園'),(2019,59897,77522,81877,102948,115365,153826,162691,137123,93924,114759,100911,139645,1340488,'臺北市','臺北自來水園區'),(2019,244000,327000,245000,242000,187700,214600,233000,222500,224500,235000,226000,200000,2801300,'新北市','十分瀑布'),(2019,392000,621000,453900,390000,300800,292200,386000,290000,275500,301000,255900,254500,4212800,'新北市','十分旅遊服務中心'),(2019,248687,248687,298332,301004,291418,283490,289828,309571,262282,302831,294193,295381,3425704,'新北市','淡水漁人碼頭'),(2019,88400,128600,70200,90600,83050,88550,89000,96500,67600,85000,73500,81900,1042900,'新北市','猴硐煤礦博物園區'),(2019,49300,57400,43550,54300,51550,54350,84000,94000,66000,81700,72000,80500,788650,'新北市','水湳洞遊客中心'),(2019,139,244,463,1514,1474,9129,47560,40080,11117,4550,347,232,116849,'宜蘭縣','蘇澳冷泉'),(2019,61288,141033,81888,77572,69041,82703,125960,111930,67638,90353,85374,85809,1080589,'宜蘭縣','國立傳統藝術中心'),(2019,32877,37876,40780,48108,43713,62419,101502,99896,55146,69971,67835,57597,717720,'宜蘭縣','蘭陽博物園區'),(2019,55000,60880,63442,71290,63198,58894,59816,56465,41400,55127,51224,45677,682413,'桃園市','慈湖'),(2019,171649,173399,165855,173328,196896,255530,484797,278966,248767,240085,200875,306805,2896952,'臺中市','大坑登山步道'),(2019,10928,25887,15942,9645,7577,11849,19427,10716,14437,32453,73125,30094,262080,'臺中市','福壽山農場'),(2019,770964,820243,563023,588233,0,0,0,0,0,0,0,0,2742463,'臺中市','后里馬場'),(2019,159115,166260,138806,133209,130285,147920,133252,170540,199525,200436,172763,155038,1907149,'臺中市','梧棲觀光漁港'),(2019,26688,32632,28412,37031,35781,34233,29639,21406,38016,46467,47678,30713,408696,'臺中市','臺中都會公園'),(2019,449014,478855,458274,492889,514243,577038,620464,531177,569437,580847,625952,693255,6591445,'臺中市','草悟道'),(2019,637767,1001442,790710,774927,753053,756068,835254,651957,824909,974347,951103,981977,9933514,'臺中市','東豐自行車綠廊及后豐鐵馬道'),(2019,8355,14550,10121,13003,9975,14126,15291,10560,11916,14785,12048,9382,144112,'南投縣','國立自然科學博物館鳳凰谷鳥園生態園區'),(2019,96069,140822,103609,102101,69933,95161,133219,101806,83626,118380,123630,128542,1296898,'南投縣','清境農場'),(2019,29089,136131,49400,19930,11170,18717,29715,18109,18159,28769,50389,34202,443780,'臺中市','武陵農場'),(2019,3153,2893,3747,4712,5239,3471,6079,4943,4147,8612,4597,2832,54425,'南投縣','行政院農業委員會特有生物研究保育中心'),(2019,0,0,0,0,0,0,0,0,0,0,0,0,0,'南投縣','竹山天梯風景區'),(2019,15006,28499,17067,16535,10784,12763,13516,11738,14696,19004,17229,15126,191963,'南投縣','天空之橋'),(2019,18961,27071,23546,28142,23706,18759,18624,12720,26918,29865,30130,26107,284549,'臺南市','尖山埤江南渡假村'),(2019,5302,9436,8689,7254,6701,5261,4284,3391,6208,7099,7870,6224,77719,'臺南市','烏樹林休閒園區'),(2019,58849,86018,67068,65690,39117,47847,38343,34480,50902,69605,57244,45495,660658,'高雄市','壽山動物園'),(2019,39148,46429,46189,48013,44986,34806,39675,37637,19541,23535,24861,28696,433516,'高雄市','打狗英國領事館文化園區'),(2019,380722,506988,417607,390800,367235,368544,370403,370651,370752,1096208,368227,392163,5400300,'高雄市','蓮池潭'),(2019,184548,216490,173152,162016,157942,120171,111498,97306,122821,173865,160203,137333,1817345,'高雄市','高雄市文化中心'),(2019,93291,110230,98751,81692,27739,34400,12954,27714,51229,55699,48862,78402,720963,'高雄市','世運主場館'),(2019,696788,765423,593836,478102,394415,400651,860933,354040,383953,418384,611582,751872,6709979,'高雄市','旗津風景區'),(2019,733,1636,816,854,742,805,0,0,0,0,0,0,5586,'臺東縣','台東海洋夢想館'),(2019,12686,27485,17138,15997,12831,17543,26729,18479,15182,21963,16218,12975,215226,'花蓮縣','慶修院'),(2019,4124,2545,3729,3645,4714,4748,4769,5353,2777,7010,7603,5627,56644,'花蓮縣','花蓮縣石雕博物館'),(2019,140799,142710,122933,125806,122674,101891,84352,72536,92078,115889,94106,108713,1324487,'高雄市','澄清湖'),(2019,234473,236518,143985,291040,335523,357741,259493,377264,395835,385081,411435,341218,3769606,'新竹市','新竹漁港'),(2019,700561,822104,778511,755448,767853,842705,835028,859684,756863,742913,779636,895216,9536522,'新北市','林口三井Outlet'),(2019,52000,108000,43000,46000,43200,46000,46100,48800,51000,57600,58600,58000,658300,'雲林縣','草嶺'),(2019,18752,20775,21859,20194,20637,23703,22079,22052,20674,21946,19391,17573,249635,'屏東縣','墾丁海水浴場'),(2019,7912,5969,9504,11062,8813,7702,7145,6459,10135,18101,16665,12087,121554,'臺北市','關渡自然公園'),(2019,20961,23898,17390,17109,16566,17566,19544,21065,13470,19045,17250,21846,225710,'臺北市','美麗華摩天輪'),(2019,183584,185776,217634,212639,203126,203126,196803,215234,123578,208122,226653,240628,2416903,'臺北市','台北101景觀台'),(2019,4332,13442,5078,7640,11114,12015,13565,11012,10571,17201,13608,9212,128790,'新北市','雲仙樂園'),(2019,16835,15971,12903,14583,13768,16143,16968,16715,17241,18824,17068,17256,194275,'新北市','大板根森林溫泉渡假村'),(2019,31335,84346,53583,64201,40055,55822,89326,86506,40318,67479,59872,42047,714890,'桃園市','小人國主題樂園'),(2019,8325,30094,40970,68650,38640,38932,46317,45956,45516,90519,46580,31256,531755,'桃園市','埔心牧場'),(2019,28284,31527,46682,52252,58473,51319,56057,54984,45559,63049,64950,44033,597169,'桃園市','桃園市客家文化館'),(2019,122081,156744,143002,166192,166190,129196,166352,170624,141354,206132,90554,101223,1759644,'桃園市','永安漁港'),(2019,64876,109758,91253,104779,77363,109699,242873,214557,104628,144176,126844,102376,1493182,'新竹縣','六福村主題遊樂園'),(2019,22997,29197,28924,33647,20801,20310,41719,44106,24554,31675,25057,21635,344622,'新竹縣','小叮噹科學遊樂區'),(2019,1270,4122,4115,8553,4119,1493,878,1430,6364,6869,6031,6299,51543,'苗栗縣','香格里拉樂園'),(2019,10124,5835,8068,12252,10960,4964,3332,3711,5674,10661,8632,8659,92872,'苗栗縣','西湖渡假村'),(2019,26065,47584,57326,69108,34640,68515,77102,36579,48196,58243,83854,40672,647884,'南投縣','杉林溪森林生態渡假園區'),(2019,5537,8310,5842,10631,5424,5629,4166,4286,5199,9706,8861,7485,81076,'南投縣','泰雅渡假村'),(2019,12382,21108,13782,14382,7939,13374,19828,16231,13547,17894,15102,13003,178572,'南投縣','紙教堂見學園區'),(2019,48141,79461,59104,149014,41599,58229,101705,81345,90292,108081,87945,96607,1001523,'雲林縣','劍湖山世界'),(2019,8949,25687,16378,16403,9287,11360,9711,8142,11493,19689,21253,12635,170987,'臺南市','頑皮世界'),(2019,1138,7752,0,0,0,0,0,0,0,0,0,0,8890,'屏東縣','8大森林博覽樂園'),(2019,837,4861,2039,3007,1608,3484,3368,1337,2294,2352,1017,439,26643,'屏東縣','大路觀主題樂園'),(2019,4544,6695,4899,6995,7517,8009,11133,11547,9696,15252,14961,10701,111949,'屏東縣','小墾丁渡假村'),(2019,37780,52288,39660,39721,27283,37912,53415,39735,39735,54191,46480,73342,541542,'南投縣','清境高空觀景步道'),(2019,188011,215797,227799,247448,259934,276990,244719,197576,198277,235438,273414,298774,2864177,'臺中市','臺中公園'),(2019,36844,48003,36965,38348,40191,30134,34305,33299,36642,39629,38500,32453,445313,'臺北市','臺北市孔廟'),(2019,76729,83170,74645,74379,62945,52905,53861,60033,49793,83162,75215,81288,828125,'新北市','淡水紅毛城'),(2019,6251,6135,6770,6433,5799,4702,5986,6023,4919,11768,9336,6823,80945,'新北市','滬尾砲臺'),(2019,23134,22260,19777,17943,15027,12748,13046,13748,12365,23724,19567,21428,214767,'新北市','前清淡水關稅務司官邸'),(2019,64014,75112,69870,65940,67734,56980,51152,56714,52638,63348,61008,54328,738838,'新竹縣','北埔遊憩區'),(2019,3237,2263,2504,2359,2306,1745,2356,1751,2193,2413,2078,1923,27128,'彰化縣','彰化孔子廟'),(2019,5747,6262,5363,4930,4840,5483,5444,5307,5805,6013,6099,5546,66839,'臺南市','五妃廟'),(2019,179866,203017,157292,209965,113278,141815,205950,226728,102294,183178,151861,177170,2052414,'臺北市','台北市立兒童新樂園'),(2019,148896,125984,156751,177363,168468,137033,107641,97306,95753,122683,115965,138274,1592117,'臺北市','台北植物園'),(2019,0,8,9,1068,1794,8747,21255,10024,13057,12985,5104,814,74865,'基隆市','基隆嶼'),(2019,551630,604095,395673,223432,282097,294368,295553,276520,215981,218690,307961,302193,3968193,'臺北市','華山1914文化創意產業園區'),(2019,487236,694595,482483,608166,614046,521409,548936,573332,461637,563874,583391,631016,6770121,'臺北市','松山文創園區'),(2019,67372,77359,65973,63244,85335,76577,76228,85849,86595,83420,79864,64701,912517,'新北市','鶯歌老街'),(2019,240000,299000,172000,156000,139000,116000,123000,146000,136000,151000,173000,172000,2023000,'新北市','三峽老街'),(2019,353000,309000,278000,288000,265000,335000,335000,331000,265000,340000,289000,265000,3653000,'新北市','八里左岸公園'),(2019,260000,434000,383000,393000,347000,431000,431000,429000,347000,438000,399000,345000,4637000,'新北市','淡水金色水岸'),(2019,137471,168499,151612,156230,156730,154470,201233,205689,165341,182794,188567,113405,1982041,'桃園市','竹圍漁港'),(2019,200967,369530,167688,75537,18889,15690,16943,18276,18317,21188,25989,80804,1029818,'苗栗縣','大湖草莓文化館'),(2019,2500,5200,4000,13700,8500,2700,1500,2500,3500,3850,4235,4530,56715,'苗栗縣','客家大院'),(2019,15466,22844,20798,18026,19268,21308,21014,19106,18037,19768,21744,23918,241297,'苗栗縣','客家圓樓'),(2019,125360,574182,124050,135750,68440,47400,42690,44295,54210,124400,146980,122600,1610357,'彰化縣','田尾公路花園'),(2019,6325,874968,59157,75659,36623,32283,25587,31861,30929,99319,66311,51758,1390780,'彰化縣','溪州公園'),(2019,44221,87548,61163,63981,61824,76358,64702,61031,69348,72869,62542,60103,785690,'彰化縣','臺灣玻璃館'),(2019,30478,43466,32532,16743,18187,33183,31147,33199,28373,34454,30640,28666,361068,'彰化縣','扇形車庫'),(2019,1710,3482,4561,20114,21950,11920,24264,12515,15262,8136,1616,1557,127087,'臺東縣','蘭嶼'),(2019,33433,52846,52376,52342,49117,48527,47293,45632,28595,42502,41039,38521,532223,'臺東縣','水往上流遊憩區'),(2019,1106,369,1434,1314,1937,1680,1250,1134,1134,2065,2030,2040,17493,'雲林縣','臺塑六輕阿媽公園'),(2019,40000,200000,30000,100000,120000,100000,110000,90000,90000,100000,150000,130000,1260000,'雲林縣','古坑綠色隧道'),(2019,385000,901916,259860,355917,273743,178673,418103,402944,195000,381651,219847,258800,4231454,'高雄市','駁二藝術特區'),(2019,38957,49655,35143,33315,25979,19485,20297,16234,15060,19929,20946,20224,315224,'高雄市','愛河(五福四路至博愛一路)'),(2019,8505,17615,10386,10334,10141,9667,6586,5650,7866,8824,10476,7879,113929,'高雄市','紅毛港文化園區'),(2019,22000,28000,16000,11000,9200,14000,22000,24000,10100,5600,6400,18000,186300,'臺東縣','金針山休閒農業區'),(2019,1290,2770,3260,4992,8886,8787,10223,7079,5034,4062,4087,2917,63387,'澎湖縣','澎湖生活博物館'),(2019,14390,26510,22346,18220,18955,8863,16241,12800,13238,17677,18576,18787,206603,'臺北市','白石湖吊橋'),(2019,48979,69366,65599,65829,37931,17771,13825,14009,14344,31913,25664,16123,421353,'桃園市','大溪老城區'),(2019,52490,65570,109374,149675,128615,153613,163372,127845,125638,138097,128257,106274,1448820,'臺中市','高美濕地'),(2019,10086,11874,11966,14064,13713,14390,12866,12149,14765,16625,18294,16851,167643,'臺中市','霧峰林家園區'),(2019,127161,75257,114724,122280,127119,145859,132434,144835,98128,130711,127593,121419,1467520,'臺中市','臺中國家歌劇院'),(2020,18936,14591,12992,9603,10249,12303,13064,10650,9458,9071,8622,5340,134879,'臺北市','陽明山遊客中心'),(2020,8983,9847,8295,5819,6886,8747,9086,7959,5855,6569,5888,5376,89310,'臺北市','陽明書屋'),(2020,63502,182033,395529,17600,10400,20600,15600,17800,15420,7380,10070,8690,764624,'臺北市','陽明公園'),(2020,10671,34546,51122,41056,39395,53302,50177,49548,33624,34116,27592,21340,446489,'臺北市','大屯遊憩區'),(2020,44468,35513,73930,41460,29453,28932,25854,28364,33624,45372,35417,32719,455106,'臺北市','龍鳳谷遊憩區'),(2020,38537,26902,24238,19678,32599,42561,40692,33943,22520,38685,33943,16916,371214,'臺北市','小油坑遊憩區'),(2020,43952,46861,58151,28272,35572,45194,58141,49737,37474,53017,49737,36609,542717,'臺北市','冷水坑'),(2020,64208,74443,32642,34083,37021,52060,45108,48245,28382,47421,48245,26239,538097,'臺北市','擎天崗'),(2020,51931,46890,48327,47220,50851,78256,96966,68315,58332,79345,63976,60554,750963,'南投縣','塔塔加遊憩區'),(2020,9430,6852,7437,5076,2753,3334,4331,4255,2292,2292,3805,3426,55283,'高雄市','梅山遊客中心'),(2020,30899,27033,27279,29949,31663,39123,40541,39847,32601,37335,28344,29379,393993,'花蓮縣','南安遊客中心'),(2020,13130,6426,5554,5946,6291,8255,10560,14369,10399,15137,17943,13099,127109,'南投縣','玉山管理處遊客服務中心'),(2020,2256,1090,3061,4707,4306,6707,6999,6828,6596,7631,7598,6497,64276,'南投縣','排雲山莊'),(2020,50060,34119,28503,19101,23827,33066,53787,54054,48545,68680,58698,48419,520859,'苗栗縣','汶水遊客中心'),(2020,9837,5414,6333,3076,3931,10369,15185,13011,7987,14006,10060,8962,108171,'苗栗縣','觀霧遊客中心'),(2020,7984,8219,9200,7969,7923,12826,17422,17780,10035,17911,14685,9193,141147,'苗栗縣','雪見遊憩區'),(2020,13011,45724,11269,5860,5534,11305,21012,19722,10455,17134,16883,16641,194550,'臺中市','武陵遊客中心'),(2020,2570,2687,1060,1114,1014,2412,3621,4977,2402,10173,2560,4129,38719,'屏東縣','墾丁國家公園管理處遊客中心'),(2020,18108,44340,19965,15261,8415,21067,49307,48340,33142,52385,35642,31133,377105,'屏東縣','鵝鑾鼻公園'),(2020,13955,22547,8911,7150,4265,7001,16660,15278,11963,21416,14908,15026,159080,'屏東縣','貓鼻頭公園'),(2020,2247,8724,5734,5016,5306,11033,13125,13196,9337,17880,12884,11926,116408,'屏東縣','佳樂水'),(2020,7171,6764,5248,4303,3722,5556,6413,5507,8382,13362,11788,7998,86214,'屏東縣','社頂自然公園'),(2020,14057,7044,7636,8766,12358,32364,37553,36275,39099,45221,22872,14344,277589,'屏東縣','南灣遊憩區'),(2020,7392,5500,3506,1740,2381,3553,4349,5414,4846,10214,7983,6848,63726,'屏東縣','龍鑾潭自然中心'),(2020,11665,8368,5781,2579,3507,8326,13007,8060,7456,10598,7970,8565,95882,'屏東縣','砂島貝殼砂展示館'),(2020,50485,46152,22399,18954,28692,44438,69265,70246,46222,52790,51567,28214,529424,'花蓮縣','太魯閣國家公園遊客中心'),(2020,15951,11153,9817,7122,7812,10316,17740,27531,34097,40412,37033,28741,247725,'花蓮縣','布洛灣遊憩區'),(2020,292375,318014,183311,176449,193196,301021,388840,383170,260313,279451,239928,185834,3201902,'花蓮縣','臺八線沿線景觀區'),(2020,8988,3397,1605,909,1102,4391,7498,7778,5452,5909,4070,2705,53804,'金門縣','中山林遊客中心'),(2020,16779,5030,3351,1836,6157,21402,45364,57693,49175,51366,29918,22059,310130,'金門縣','翟山坑道'),(2020,5640,1988,1097,829,2129,6658,14440,16646,13318,13872,8045,4255,88917,'金門縣','雙鯉溼地自然中心'),(2020,9711,3382,2074,1107,3728,13737,25958,31860,25869,31119,17539,12089,178173,'金門縣','古寧頭戰史館'),(2020,5846,2467,1419,741,1536,9639,23529,29239,28584,34569,17687,16430,171686,'金門縣','九宮(四維)坑道'),(2020,7953,3036,2446,904,2839,9785,18123,24858,21232,23104,13516,8473,136269,'金門縣','八二三砲戰紀念館'),(2020,6291,2504,1495,831,2531,10426,24428,30882,30482,36059,18030,11943,175902,'金門縣','湖井頭戰史館'),(2020,5521,2351,1556,1012,2298,5393,9444,10744,8936,12592,8869,5645,74361,'金門縣','金水學校'),(2020,6007,2891,2354,634,937,4010,8487,9781,8692,9620,6513,4909,64835,'金門縣','蔣經國先生紀念館'),(2020,18856,6627,4012,2599,5250,17076,32909,42236,40039,45109,26934,20216,261863,'金門縣','民俗文化村'),(2020,6568,2670,1850,1231,2751,6958,10063,12446,13059,18776,12194,7722,96288,'金門縣','得月樓'),(2020,15425,15158,11148,14052,22723,54790,57393,45621,20474,26468,22503,9722,315477,'新北市','鼻頭龍洞遊憩區'),(2020,46495,50062,36458,38114,70376,163330,187017,144804,94330,119097,95849,47893,1093825,'新北市','鹽寮福隆遊憩區'),(2020,139478,97702,62011,49810,49868,153632,185877,168998,139611,148363,409651,84852,1689853,'宜蘭縣','大里外澳遊憩區'),(2020,15425,23228,18001,7504,12656,17332,19930,25623,22677,27972,24374,15947,230669,'宜蘭縣','宜蘭濱海遊憩區'),(2020,201897,51323,24866,22313,31469,39778,41086,48400,35251,70032,51687,24565,642667,'新北市','野柳地質公園'),(2020,27412,36938,55382,58268,101138,124951,113617,100239,55092,59052,34437,27273,793799,'新北市','白沙灣'),(2020,9770,3759,1558,1204,128,238,144,180,191,1346,3520,3502,25540,'新北市','翡翠灣濱海遊憩區'),(2020,80650,67849,78182,86305,90000,96014,106301,88169,72236,87234,73000,70040,995980,'新北市','觀音山'),(2020,39164,50095,61218,57662,63360,56824,59504,64403,54001,61258,46763,35114,649366,'基隆市','情人湖及湖海灣'),(2020,9930,5473,4523,3925,6288,13423,26036,35216,12343,20989,14071,6867,159084,'新北市','野柳海洋世界'),(2020,39103,45769,54740,51497,87189,94671,107521,116309,81786,80838,57468,29927,846818,'新北市','金山遊憩區'),(2020,29790,35074,36332,32485,45544,39013,36054,33220,23400,31261,32891,13375,388439,'新北市','三芝遊憩區'),(2020,30737,20794,22157,24544,54292,75459,76066,86609,53715,73209,43693,20163,581438,'基隆市','和平島公園'),(2020,91235,54720,18517,30717,22311,55246,59251,105167,89536,127121,73314,43158,770293,'臺東縣','小野柳(加路蘭)'),(2020,57901,46781,24817,23767,24312,47576,76932,99761,58029,74002,45560,33488,612926,'臺東縣','三仙臺'),(2020,14833,7692,3774,3981,4942,10788,18211,16908,12798,16205,9088,5045,124265,'臺東縣','八仙洞'),(2020,13843,11721,8533,7858,8273,19395,37666,43189,24635,23177,14539,7300,220129,'花蓮縣','秀姑巒溪遊客中心'),(2020,12699,8075,9832,12902,15369,38439,77681,74009,54351,40145,6858,4676,355036,'臺東縣','綠島'),(2020,39752,34824,30305,45750,19822,33319,43726,63560,81669,86298,66868,39662,585555,'臺東縣','都歷處本部'),(2020,19647,13699,8704,8611,10066,18317,28324,32040,23137,31912,23349,8117,225923,'花蓮縣','石梯坪'),(2020,7001,6973,4651,5004,3253,4074,6144,7279,4738,9361,7253,5055,70786,'花蓮縣','花蓮管理站遊客中心'),(2020,118667,90556,81427,84308,65999,105147,106498,146679,103104,133895,108521,80628,1225429,'花蓮縣','鯉魚潭風景特定區'),(2020,64624,45633,34272,38455,34659,52198,184150,228061,46407,61159,46199,50893,886710,'臺東縣','鹿野高臺'),(2020,13685,9490,4593,4087,4404,10466,18936,32152,21666,20761,15908,12869,169017,'臺東縣','原生應用植物園'),(2020,8447,4125,4000,1216,1613,5001,6143,14397,8034,10907,7912,5065,76860,'臺東縣','布農部落'),(2020,17810,14338,7665,7915,8614,14492,16019,25408,14716,19678,12297,11207,170159,'花蓮縣','新光兆豐休閒農場'),(2020,47829,39496,31840,30576,40027,59486,71155,73516,46464,53760,33538,22853,550540,'花蓮縣','花蓮觀光糖廠'),(2020,17775,10243,6261,4045,8670,32374,37190,69127,53929,49610,22290,26660,338174,'花蓮縣','立川漁場'),(2020,9230,6131,3537,3977,2792,5400,10248,8989,4898,7655,6573,5523,74953,'臺東縣','關山親水公園'),(2020,606507,548450,554176,500276,623543,569814,609987,557638,585209,681894,455990,730707,7024191,'新竹縣','獅頭山風景區'),(2020,30507,51345,24838,24690,17070,38406,44417,42839,30442,74472,100543,62843,542412,'臺中市','梨山遊憩區'),(2020,467443,357556,289391,306419,257107,296607,326355,308787,259057,393272,220014,278892,3760900,'彰化縣','八卦山風景區'),(2020,196377,164224,68366,90425,90680,138851,170095,181075,163623,237382,212815,224367,1938280,'臺中市','谷關遊憩區'),(2020,76027,54764,30681,30796,23458,37040,40170,53627,33114,59359,43400,42949,525385,'臺南市','七股鹽山'),(2020,41679,21601,16444,17187,16675,23515,22009,23958,24057,48789,32772,27490,316176,'臺南市','北門遊客中心'),(2020,31818,22649,7526,955,11379,17184,15947,18337,16282,21827,15829,14316,194049,'臺南市','井仔腳瓦盤鹽田'),(2020,0,0,0,0,0,6241,6502,4542,1946,2053,440,322,22046,'臺南市','馬沙溝濱海遊憩區'),(2020,12429,9691,19962,21434,15590,16589,17820,15122,10572,19416,11301,10656,180582,'嘉義縣','圓潭自然生態園區'),(2020,8711,5973,3645,4133,4913,7665,11566,13005,12303,14475,15839,12449,114677,'嘉義縣','達娜伊谷'),(2020,5054,4561,4713,3486,3921,5834,7893,7484,4479,5375,3982,2708,59490,'嘉義縣','觸口遊客中心'),(2020,43531,40968,30990,31109,29523,47264,44266,51427,41214,80057,60582,54919,555850,'嘉義縣','梅山太平雲梯'),(2020,279692,486382,172103,65845,73300,236161,549567,641176,238516,252805,283130,195726,3474403,'南投縣','日月潭環潭區'),(2020,111240,71339,54643,60236,60201,95353,89060,107379,101859,142713,116893,106185,1117101,'南投縣','車埕'),(2020,8940,29584,18071,18609,17118,18849,29782,32669,28505,33076,25648,39572,300423,'臺南市','曾文水庫'),(2020,10239,14916,40278,21778,9990,11969,46911,44107,24366,30880,21429,27664,304527,'臺南市','烏山頭水庫風景區'),(2020,180682,64485,56659,79367,64957,70482,60057,69435,71232,88557,82102,76617,964632,'臺南市','關子嶺溫泉區'),(2020,31398,31341,35336,29758,31214,34586,27314,25006,28618,38299,32757,31495,377122,'臺南市','虎頭埤風景區'),(2020,5653,4102,3424,3786,3570,5224,5571,5884,4319,7269,4373,4806,57981,'嘉義縣','中埔遊客中心'),(2020,33764,32490,23509,57930,25625,29160,27860,24494,25240,30045,30384,42368,382869,'高雄市','茂林遊憩區'),(2020,41305,30628,28041,24038,25102,22737,23783,22690,21847,26502,26479,36412,329564,'高雄市','寶來、不老溫泉區'),(2020,35437,26820,19888,8391,9840,10041,12056,11308,9322,19229,14403,14345,191080,'屏東縣','臺灣原住民文化園區'),(2020,27186,36838,27555,17314,16591,19333,16465,14855,17611,25958,20315,20685,260706,'屏東縣','霧臺遊憩區'),(2020,10417,14032,15011,17855,11090,20055,17053,13631,11157,21796,15519,13090,180706,'屏東縣','涼山遊憩區'),(2020,2911,5658,4839,3683,3039,4635,3503,4054,3878,5827,2898,4519,49444,'屏東縣','禮納里部落'),(2020,44402,54018,44059,35804,46345,39249,45389,52398,40347,41554,38031,40693,522289,'屏東縣','三地門遊憩區'),(2020,18762,13008,7601,8259,9407,31918,54317,56750,36937,51818,26192,15840,330809,'屏東縣','小琉球遊憩區'),(2020,42322,26220,18766,24519,25204,52776,76918,74238,72545,106297,75938,69319,665062,'屏東縣','大鵬灣遊憩區'),(2020,4656,2389,3466,2430,3549,7272,13076,12130,10301,11424,5010,0,75703,'澎湖縣','澎湖遊客中心'),(2020,9986,8311,11343,11794,20953,54316,117782,104243,69550,27967,9755,7381,453381,'澎湖縣','南海遊客中心'),(2020,3166,2725,3445,3448,5519,18237,54009,56575,21728,6598,1889,2288,179627,'澎湖縣','北海遊客中心'),(2020,546,573,773,822,1480,4199,9717,9884,5320,4876,1550,641,40381,'澎湖縣','西嶼西臺'),(2020,6430,5650,6800,6110,15300,35850,77730,83450,39020,33650,11880,5605,327475,'澎湖縣','小門地質展示中心'),(2020,86,108,353,513,1134,3599,9940,9551,3576,1563,126,37,30586,'澎湖縣','綠蠵龜觀光保育中心'),(2020,2929,1791,3436,5120,11539,38185,102455,92651,52797,15303,1932,1203,329341,'澎湖縣','七美遊客中心'),(2020,19435,14016,25040,22985,25144,49594,96274,106744,77335,58784,18176,8304,521831,'澎湖縣','北寮奎壁山地質公園'),(2020,8277,7212,10562,10680,16050,33406,62847,68145,42390,17803,6445,5376,289193,'澎湖縣','望安資訊站'),(2020,428,342,213,490,1427,3001,4643,4922,4532,1532,393,114,22037,'連江縣','東引遊客中心'),(2020,268,276,239,647,1744,4637,6028,5931,5538,5674,1877,482,33341,'連江縣','莒光遊客中心'),(2020,1905,1336,1284,1418,2854,9894,13730,14180,14479,13915,8052,3479,86526,'連江縣','北竿遊客中心'),(2020,1321,596,652,1181,2159,7631,9372,9281,7778,7396,4252,1924,53543,'連江縣','南竿遊客中心'),(2020,183000,170000,60000,65000,72000,99000,101500,113000,115000,125000,122000,91000,1316500,'新北市','烏來風景特定區'),(2020,209000,162000,85000,90000,66000,107000,103000,80000,104000,139000,128000,113000,1386000,'新北市','碧潭風景特定區'),(2020,2018,1658,9523,50233,21619,11041,25421,26578,7936,8147,2214,1041,167429,'宜蘭縣','武荖坑風景區'),(2020,237802,259500,276000,298731,330829,265779,286097,275662,188262,320588,268768,192373,3200391,'桃園市','石門水庫風景區'),(2020,125186,79807,64962,67713,80390,87254,117065,89544,49210,78842,62341,36657,938971,'桃園市','角板山遊憩區'),(2020,240556,239018,287843,263424,283542,268767,305962,272826,126036,354934,344228,216779,3203915,'桃園市','虎頭山風景特定區'),(2020,19169,12751,8694,9103,9417,12655,108179,119337,9228,19329,9327,6100,343289,'宜蘭縣','冬山河親水公園'),(2020,43524,38976,44815,34855,51795,88399,111145,115102,98215,92627,79453,45512,844418,'宜蘭縣','五峰旗風景區'),(2020,36669,27393,19207,18350,15692,23093,24549,222974,25006,40518,28611,20559,502621,'宜蘭縣','龍潭湖'),(2020,137816,63635,41441,43770,39465,65042,67902,65908,52120,61029,44925,48413,731466,'花蓮縣','七星潭風景區'),(2020,25427,31311,26901,30305,38129,53448,69113,63248,33432,47267,35937,17536,472054,'桃園市','小烏來風景特定區'),(2020,39978,25663,23836,28083,28175,34753,34550,54880,74468,112435,118220,87545,662586,'臺中市','鐵砧山'),(2020,12243,14753,4949,11742,11054,19593,25471,24926,18501,36561,29130,12051,220974,'南投縣','東埔溫泉'),(2020,105220,88762,70911,66874,81259,115690,120042,117955,163129,121011,124108,148101,1323062,'嘉義市','蘭潭'),(2020,407000,350000,156000,100000,174000,205000,212000,260000,250000,290000,275000,225000,2904000,'新北市','瑞芳風景特定區'),(2020,155057,135905,8552,7476,72944,77569,94700,168980,145692,214204,166859,160530,1408468,'新竹縣','內灣風景區'),(2020,34965,28454,13482,14330,9948,23000,37937,146279,31262,41053,38707,24727,444144,'臺東縣','台東森林公園'),(2020,2370,1638,1242,1453,2073,2063,4039,4427,3043,5378,4527,3266,35519,'花蓮縣','池南國家森林遊樂區'),(2020,6172,4935,2181,2345,2607,3554,5124,6165,5283,6819,6829,8107,60121,'花蓮縣','富源國家森林遊樂區'),(2020,76019,88589,122398,36342,28431,63872,107941,119242,78908,105039,82706,87493,996980,'嘉義縣','阿里山國家森林遊樂區'),(2020,14697,10345,5776,5972,4327,9327,14654,14566,13813,20204,16757,18387,148825,'屏東縣','墾丁國家森林遊樂區'),(2020,11017,20161,18400,17153,24820,35479,43207,44320,26414,35492,26014,18744,321221,'新北市','滿月圓國家森林遊樂區'),(2020,14469,20156,18254,14433,19706,28256,31870,30985,18592,28180,21690,11191,257782,'新北市','內洞國家森林遊樂區'),(2020,35925,40955,20117,21455,27116,43761,70687,91646,50013,78612,73648,54960,608895,'宜蘭縣','太平山國家森林遊樂區'),(2020,7129,9134,3658,3197,4757,9352,15012,15578,10645,13596,10964,7397,110419,'宜蘭縣','棲蘭森林遊樂區'),(2020,9664,11063,5633,5499,8040,16400,20928,21846,12615,15953,18280,12880,158801,'宜蘭縣','明池森林遊樂區'),(2020,8256,19311,15676,14980,22123,30766,44020,37241,28278,38814,28406,15231,303102,'桃園市','東眼山國家森林遊樂區'),(2020,10924,10509,6011,6668,8309,12087,21179,25940,20078,33219,22663,20707,198294,'臺中市','八仙山國家森林遊樂區'),(2020,9314,10600,9656,10574,16358,26035,40614,35772,23842,33285,24263,27057,267370,'臺中市','大雪山國家森林遊樂區'),(2020,15750,18497,6296,5724,4624,6722,17408,12833,7739,21421,56324,72058,245396,'南投縣','奧萬大國家森林遊樂區'),(2020,10749,10954,6611,7958,8545,15612,17117,17954,13233,18359,13273,11238,151603,'南投縣','惠蓀林場'),(2020,92091,93097,91118,81190,111620,180437,234411,189146,179940,175803,153345,128186,1710384,'南投縣','溪頭自然教育園區'),(2020,2375,2260,2396,2313,2141,3070,3560,3448,3250,3367,3070,2668,33918,'南投縣','合歡山國家森林遊樂區'),(2020,8647,9390,7362,9804,8258,11489,16217,12748,12327,22827,17526,18444,155039,'屏東縣','雙流國家森林遊樂區'),(2020,16733,14403,6642,5936,5360,10460,18962,19287,14532,24995,16752,18839,172901,'臺東縣','知本國家森林遊樂區'),(2020,1508,762,513,441,277,1326,2291,2917,8736,7738,4541,3718,34768,'新竹縣','萬瑞森林樂園'),(2020,36996,30010,14957,14980,11922,29930,60880,72367,25921,40230,27402,26059,391654,'臺東縣','初鹿牧場'),(2020,7915,3678,1836,2105,1527,2794,4854,7460,5183,9080,9401,6659,62492,'臺南市','南元休閒農場'),(2020,29740,30000,18000,16480,23950,32480,33500,36600,25700,42950,45050,24460,358910,'新竹縣','綠世界生態農場'),(2020,2056,1232,1092,931,1919,1728,1941,2014,2079,2207,1235,1470,19904,'新竹縣','南園人文客棧'),(2020,22503,21309,15761,15282,15290,18621,18209,26697,21368,36108,29567,22401,263116,'苗栗縣','飛牛牧場'),(2020,26725,39472,11306,7734,3988,22222,10889,10198,9414,26160,18858,18011,204977,'臺南市','走馬瀨農場'),(2020,824555,554136,293862,254397,443248,573170,1013377,1152902,481935,516691,442859,497806,7048938,'臺中市','麗寶樂園'),(2020,13184,12858,7932,20571,19617,9940,13978,14902,8680,13997,8940,9488,154087,'臺中市','東勢林場遊樂區'),(2020,14378,12845,4613,5605,0,0,0,0,0,0,0,0,37441,'臺南市','延平郡王祠'),(2020,65625,43555,18892,14719,12652,22240,38657,46738,25209,41139,30632,31517,391575,'臺南市','赤嵌樓'),(2020,0,0,0,0,0,0,0,0,0,0,0,0,0,'臺南市','臺南孔子廟'),(2020,45938,30489,13224,10303,8856,15569,27060,32717,17647,28797,21442,22062,274104,'臺南市','祀典武廟'),(2020,52500,34844,15114,11775,10122,17792,30926,37390,20167,32911,24506,25214,313261,'臺南市','大天后宮'),(2020,151244,94254,49980,37969,32360,74305,103256,102196,68109,115850,96150,92472,1018145,'臺南市','安平小鎮'),(2020,39455,38949,18112,21927,24760,51298,90650,96400,56049,30486,0,0,468086,'花蓮縣','親不知子天空步道'),(2020,83091,42116,21375,16198,32276,93794,174957,213380,84621,101464,61886,49792,974950,'屏東縣','國立海洋生物博物館'),(2020,63895,39076,26998,41672,60888,44397,60776,70244,54335,68004,79546,56082,665913,'苗栗縣','臺灣客家文化館'),(2020,135503,60781,51072,46377,48176,58905,63926,64728,56637,94518,90827,52264,823714,'屏東縣','六堆客家文化園區'),(2020,207677,62144,15436,10141,20489,30693,51837,59923,35828,58803,43382,45810,642163,'臺北市','國立故宮博物院'),(2020,39207,35556,27370,20572,37308,67915,58297,53478,33168,41334,24529,39423,478157,'臺北市','臺北市立美術館'),(2020,41164,21817,10297,15191,63916,127552,96024,218084,190188,246018,138948,118501,1287700,'臺北市','國立歷史博物館'),(2020,234135,119748,11962,4867,96,3300,110512,258390,134732,116873,38363,49367,1082345,'臺北市','國立臺灣科學教育館'),(2020,46608,26497,15290,10652,36339,80345,87576,87540,60693,67394,49490,49912,618336,'臺北市','臺北市立天文科學教育館'),(2020,249200,179465,154290,96400,109475,118575,171490,184000,172950,260525,197590,199090,2093050,'臺北市','國立國父紀念館'),(2020,452759,285731,160903,54841,25793,37880,63637,82463,65733,128770,82098,136514,1577122,'臺北市','國立中正紀念堂'),(2020,14367,9542,1095,628,2450,5280,12461,43843,24405,29804,21792,24445,190112,'臺北市','臺北探索館'),(2020,9263,10155,1241,0,8990,12066,9549,12931,10936,14156,13063,5216,107566,'新北市','坪林茶業博物館'),(2020,44624,29627,19383,13432,34211,79507,77386,88000,33849,51821,45392,33251,550483,'新北市','新北市立鶯歌陶瓷博物館'),(2020,35423,32293,24294,20963,45854,57166,51234,102056,45813,74059,55057,35516,579728,'新北市','新北市立十三行博物館'),(2020,154455,82279,31771,0,46264,95832,111883,126276,82825,118057,86170,55604,991416,'新北市','新北市黃金博物園區'),(2020,83386,15627,6516,0,6525,8160,38681,72326,88399,90045,99715,74623,584003,'新北市','新北市客家文化園區'),(2020,116882,89728,90092,99150,150284,208583,281626,325676,176629,208708,134415,91624,1973397,'基隆市','國立海洋科技博物館'),(2020,403,305,151,322,707,897,1309,962,944,768,0,0,6768,'基隆市','陽明海洋文化藝術館'),(2020,5877,4033,2035,2820,4625,4625,6653,7997,4618,6465,3681,3848,57277,'苗栗縣','木雕博物館'),(2020,183464,111952,58370,54083,105805,216939,311543,381018,168996,254517,243578,172235,2262500,'臺中市','國立自然科學博物館'),(2020,66298,67338,25534,17371,30775,41301,54769,59341,35778,68919,47753,44449,559626,'臺中市','國立臺灣美術館'),(2020,3552,1796,1034,10051,1957,2786,3276,4261,1896,3498,3273,1801,39181,'臺南市','臺灣鹽博物館'),(2020,16173,13445,9784,7793,9324,7568,2502,4516,7124,9297,7565,4264,99355,'臺南市','國立臺灣歷史博物館'),(2020,134354,123136,54449,27124,30115,142056,220525,271202,150397,257442,152065,123360,1686225,'高雄市','國立科學工藝博物館'),(2020,78291,44385,23374,17471,25589,16401,26260,23268,21940,25006,20867,88103,410955,'高雄市','高雄市立美術館'),(2020,33318,13245,5822,4705,6611,11949,5289,15238,20244,23699,18677,20074,178871,'高雄市','高雄市立歷史博物館'),(2020,24647,14962,6787,4852,8817,0,0,0,0,0,0,0,60065,'臺東縣','國立臺灣史前文化博物館'),(2020,28727,24802,20394,22239,17588,26642,37168,38407,31305,40356,40282,34074,361984,'臺東縣','卑南遺址公園'),(2020,15834,5672,4840,1804,4784,19304,38359,38180,44898,48313,28262,19290,269540,'金門縣','莒光樓'),(2020,12110,4241,2271,2113,0,6135,9208,14349,6743,19565,13747,10570,101052,'高雄市','美濃客家文物館'),(2020,17445,9018,6791,5653,7574,9660,9495,12064,11110,14148,19356,13717,136031,'臺北市','台北當代藝術館'),(2020,4867,4023,3770,2776,4121,6131,6835,21466,5438,9896,10003,4483,83809,'新北市','朱銘美術館'),(2020,78256,51206,24246,16541,25457,68027,90598,113033,55930,81004,58410,103497,766205,'臺南市','奇美博物館'),(2020,32560,24135,10969,6520,9630,9499,13276,18220,18296,25466,20893,25342,214806,'臺北市','北投溫泉博物館'),(2020,0,0,0,0,0,0,0,0,0,0,0,0,0,'臺北市','圓山別莊'),(2020,35677,22750,7227,0,199186,10527,11686,15168,21382,34966,24594,24024,407187,'新北市','林本源園邸(林家花園)'),(2020,3691,6164,2762,0,2252,4656,5116,5857,3944,3409,4390,4391,46632,'新北市','三峽歷史文物館'),(2020,20222,19246,13039,8494,10715,16012,24357,38707,27682,23507,20403,18453,240837,'臺北市','凱達格蘭文化館'),(2020,34913,21561,10311,9033,20138,38799,85702,98560,48378,76863,53526,46959,544743,'臺北市','國立臺灣博物館'),(2020,3356000,802750,103900,124000,324000,297500,540000,566500,320000,560000,230000,214500,7439150,'雲林縣','北港朝天宮'),(2020,700000,680000,200000,120000,130000,530000,709000,570000,607000,820000,810000,750000,6626000,'臺南市','南鯤鯓代天府'),(2020,523590,104050,12480,10608,26520,39780,79560,140885,225415,242706,145984,130379,1681957,'臺南市','麻豆代天府'),(2020,26033,8480,4844,4340,5148,8509,10856,11943,14412,14153,12751,10742,132211,'南投縣','中臺禪寺'),(2020,1700558,935852,121863,79145,68722,95809,100347,127411,108570,127592,636790,182924,4285583,'高雄市','佛光山'),(2020,57090,27720,21100,23514,19631,19734,20037,16371,21046,24570,20880,18360,290053,'臺中市','萬和宮'),(2020,114050,63500,61500,58000,51000,78000,68000,61500,66500,53000,63500,73500,812050,'臺中市','大甲鎮瀾宮'),(2020,1070,269,165,75,15,375,960,767,1405,1997,393,1160,8651,'新北市','清水祖師廟'),(2020,32996,10542,8172,6170,7912,7597,8224,8972,7570,13034,10616,7901,129706,'新北市','法鼓山世界佛教教育園區'),(2020,815480,236250,137715,95070,109440,132210,117024,125880,95724,107196,163050,142720,2277759,'彰化縣','鹿港龍山寺'),(2020,52874,39404,18235,17122,26995,63575,166204,185382,50003,67004,38282,34101,759181,'花蓮縣','遠雄海洋公園'),(2020,47144,32770,14124,32011,53477,87144,134173,67144,23987,22439,16872,24133,555418,'臺東縣','池上大坡池地區'),(2020,64408,122606,44129,16072,18216,60554,140812,164404,55561,55155,54777,49417,846111,'南投縣','九族文化村'),(2020,87082,57070,1905,1193,1520,2580,2428,2493,918,2773,2014,4380,166356,'臺北市','國民革命忠烈祠'),(2020,30701,21757,16689,15777,18604,23597,29547,30040,25112,21128,24567,22711,280230,'臺北市','國立臺灣藝術教育館'),(2020,292747,223683,129839,109072,134707,135606,185815,233016,150249,297361,239111,174917,2306123,'臺北市','臺北市立動物園'),(2020,146491,404081,58466,40687,32224,23615,26305,33413,26896,76343,350827,378892,1598240,'臺北市','士林官邸公園'),(2020,75825,83016,68035,71028,93172,165010,195881,206577,104634,110550,107381,148567,1429676,'臺北市','臺北自來水園區'),(2020,244500,166500,73500,60000,92000,123800,124000,126000,126500,125000,119000,80000,1460800,'新北市','十分瀑布'),(2020,392500,305000,130000,80000,143000,163500,185000,185000,180000,184000,167500,144500,2260000,'新北市','十分旅遊服務中心'),(2020,313945,206618,129651,78573,170552,123819,191622,191623,173902,173902,192862,139129,2086198,'新北市','淡水漁人碼頭'),(2020,88500,65700,21000,20000,36000,48100,49000,54000,51000,52000,48000,29000,562300,'新北市','猴硐煤礦博物園區'),(2020,50000,29500,13000,10000,22000,33500,44000,39000,39000,40000,35000,37000,392000,'新北市','水湳洞遊客中心'),(2020,78,134,203,184,2090,14276,23245,19073,4245,744,0,0,64272,'宜蘭縣','蘇澳冷泉'),(2020,131157,79921,37228,30947,49353,79728,108068,130311,73662,101487,79652,68997,970511,'宜蘭縣','國立傳統藝術中心'),(2020,53631,44911,21305,18533,32651,61497,95741,94723,49811,72345,51729,39906,636783,'宜蘭縣','蘭陽博物園區'),(2020,121616,133539,140040,162484,188787,176023,201431,166162,126344,237199,183477,110894,1947996,'桃園市','慈湖'),(2020,203146,206118,216443,245784,211607,256295,265182,422576,322315,346696,301449,306819,3304430,'臺中市','大坑登山步道'),(2020,11047,23927,14041,8599,11330,16216,25341,26266,15690,33582,73487,43420,302946,'臺中市','福壽山農場'),(2020,0,5320000,0,0,0,0,0,0,0,0,0,0,5320000,'臺中市','后里馬場'),(2020,188381,134430,99162,100374,133429,128273,120114,141905,123804,163125,124598,88094,1545689,'臺中市','梧棲觀光漁港'),(2020,30600,36986,54238,52084,45648,32661,32976,32669,33153,55764,46917,31997,485693,'臺中市','臺中都會公園'),(2020,587252,411957,376319,425844,473007,548500,578802,521627,428672,498757,466913,473730,5791380,'臺中市','草悟道'),(2020,845416,998586,639327,521465,483286,576019,530285,609546,686863,1226530,924939,700608,8742870,'臺中市','東豐自行車綠廊及后豐鐵馬道'),(2020,9448,11286,13408,14592,15339,19619,22950,24338,13647,24674,18195,13182,200678,'南投縣','國立自然科學博物館鳳凰谷鳥園生態園區'),(2020,103628,86703,51273,38401,40787,78014,111686,119974,70479,103681,86968,76605,968199,'南投縣','清境農場'),(2020,31738,120875,34879,13598,13446,26794,39051,36160,22555,36731,61989,44349,482165,'臺中市','武陵農場'),(2020,3498,4215,1414,0,3156,4762,7492,6924,5286,10446,8323,3443,58959,'南投縣','行政院農業委員會特有生物研究保育中心'),(2020,0,0,0,0,0,0,0,0,0,0,0,0,0,'南投縣','竹山天梯風景區'),(2020,20424,18335,11895,12954,10508,12098,12124,13690,10147,18398,15059,11990,167622,'南投縣','天空之橋'),(2020,27331,9593,13666,7745,6611,13708,18883,22421,30733,29047,28552,28341,236631,'臺南市','尖山埤江南渡假村'),(2020,5909,2872,1452,1061,1383,3744,3498,4075,4061,5818,7037,5970,46880,'臺南市','烏樹林休閒園區'),(2020,64360,51637,36352,34309,29016,47711,51708,57454,34250,86018,61922,57584,612321,'高雄市','壽山動物園'),(2020,27428,11087,5410,4392,3925,9526,12635,12861,5417,10057,7893,8678,119309,'高雄市','打狗英國領事館文化園區'),(2020,502236,313404,180133,87304,85378,108034,193016,152728,159821,530288,164577,169463,2646382,'高雄市','蓮池潭'),(2020,154384,122074,118029,106329,82754,93931,113654,93936,94322,116643,128463,109651,1334170,'高雄市','高雄市文化中心'),(2020,70425,70425,42288,40581,38654,42496,44635,39753,45711,50376,74703,45020,605067,'高雄市','世運主場館'),(2020,447952,350254,204872,166996,178474,245173,247714,250117,354489,353231,275237,279661,3354170,'高雄市','旗津風景區'),(2020,0,0,0,0,0,0,0,0,0,0,0,0,0,'臺東縣','台東海洋夢想館'),(2020,24830,21982,11349,12577,13511,27069,51936,60873,30618,41387,20959,20873,337964,'花蓮縣','慶修院'),(2020,4968,2750,1266,1523,1962,2217,9070,7107,1298,7489,6547,2622,48819,'花蓮縣','花蓮縣石雕博物館'),(2020,108884,113096,140869,144603,111964,101006,94532,88237,123055,125761,96238,105703,1353948,'高雄市','澄清湖'),(2020,479471,372720,364945,451120,493943,430908,418991,457274,391052,490615,378543,296357,5025939,'新竹市','新竹漁港'),(2020,965821,628462,543889,557954,730585,789228,823752,821162,668466,744471,713632,785236,8772658,'新北市','林口三井Outlet'),(2020,62000,50000,28000,20000,50000,98000,78000,65000,60000,65000,66000,68000,710000,'雲林縣','草嶺'),(2020,17599,18745,19428,11850,20382,24829,25948,24014,23059,24199,20340,17149,247542,'屏東縣','墾丁海水浴場'),(2020,6339,8762,8770,9137,9534,7669,7518,7507,7672,16117,18203,9331,116559,'臺北市','關渡自然公園'),(2020,20572,11828,6795,4985,8545,10148,12371,16452,10893,16267,10937,12434,142227,'臺北市','美麗華摩天輪'),(2020,163152,45053,10742,3344,10627,55186,74958,87856,68607,37771,24147,41976,623419,'臺北市','台北101景觀台'),(2020,11639,9047,5031,2834,7234,11019,15791,17669,8749,14399,9920,8043,121375,'新北市','雲仙樂園'),(2020,18952,9388,4328,3579,10917,14030,18483,24044,24010,29146,25429,17854,200160,'新北市','大板根森林溫泉渡假村'),(2020,43941,30867,12238,9653,21318,53593,122488,156707,22486,49064,45282,20790,588427,'桃園市','小人國主題樂園'),(2020,49775,43483,30467,26191,34838,49754,46969,68241,47060,71834,56893,32337,557842,'桃園市','埔心牧場'),(2020,27249,26248,21464,20208,38788,31487,37400,66364,56460,63749,57891,34319,481627,'桃園市','桃園市客家文化館'),(2020,111137,95659,107993,101967,156025,138541,135067,145531,108852,163113,112800,63937,1440622,'桃園市','永安漁港'),(2020,75898,60693,24999,14730,29871,104369,270656,298231,74362,115878,91631,61879,1223197,'新竹縣','六福村主題遊樂園'),(2020,19439,11454,3714,2912,5947,21957,64652,85721,25789,34257,24943,17612,318397,'新竹縣','小叮噹科學遊樂區'),(2020,1373,218,10,7,28,2989,1514,2740,7758,6436,8352,6832,38257,'苗栗縣','香格里拉樂園'),(2020,9434,5131,5131,5384,4500,4210,7181,6233,5002,8709,6917,7612,75444,'苗栗縣','西湖渡假村'),(2020,29043,36584,34666,23992,25611,87004,116530,86922,53618,67239,99397,53635,714241,'南投縣','杉林溪森林生態渡假園區'),(2020,8837,2992,849,1730,689,2214,1669,4442,4289,7681,4192,5044,44628,'南投縣','泰雅渡假村'),(2020,18779,14745,6209,6483,6913,12095,15061,19229,11363,16283,12595,9354,149109,'南投縣','紙教堂見學園區'),(2020,63988,38495,13651,27495,15011,71580,136322,166838,50965,62497,56421,81282,784545,'雲林縣','劍湖山世界'),(2020,15645,12522,15163,15839,14287,33595,64765,81730,21194,42035,32351,31813,380939,'臺南市','頑皮世界'),(2020,0,0,0,0,0,0,0,12232,1403,6188,4506,8187,32516,'屏東縣','8大森林樂園'),(2020,3896,896,1092,966,2153,4426,6727,6783,1221,1837,684,171,30852,'屏東縣','大路觀主題樂園'),(2020,6749,2193,1420,1648,2033,7099,13584,12876,8624,9820,10844,5355,82245,'屏東縣','小墾丁渡假村'),(2020,32347,28255,14910,14405,27951,49523,70465,77709,39998,59707,53789,40050,509109,'南投縣','清境高空觀景步道'),(2020,259447,204071,192975,268480,219895,206748,200526,212485,201069,231933,194394,256654,2648677,'臺中市','臺中公園'),(2020,46360,29433,19736,19727,18354,18961,18665,25909,23469,27527,22780,18000,288921,'臺北市','臺北市孔廟'),(2020,78656,31972,8639,0,8953,14699,16060,17512,14026,29290,29882,22452,272141,'新北市','淡水紅毛城'),(2020,7152,5933,2906,0,2905,3472,3485,4966,3306,7034,7158,4246,52563,'新北市','滬尾砲臺'),(2020,21051,9426,3762,0,4279,7290,6994,7393,7400,16947,12957,9920,107419,'新北市','前清淡水關稅務司官邸'),(2020,51764,47432,35898,35080,54130,57138,63686,88690,78040,100008,79452,70384,761702,'新竹縣','北埔遊憩區'),(2020,2920,2003,1885,1349,1337,1828,2013,1849,2008,2517,1869,1774,23352,'彰化縣','彰化孔子廟'),(2020,6801,6191,4908,3860,0,0,0,0,0,0,0,0,21760,'臺南市','五妃廟'),(2020,179279,129155,41216,38305,68711,146954,202612,220331,75443,160552,113242,83933,1459733,'臺北市','臺北市立兒童新樂園'),(2020,130363,135018,159933,152294,160533,147778,146182,134552,141413,149577,152387,119984,1730014,'臺北市','台北植物園'),(2020,27,103,118,203,212,620,17591,17310,15333,211,0,0,51728,'基隆市','基隆嶼'),(2020,304549,224323,77984,20870,51646,62830,230071,173483,171580,250585,149645,123726,1841292,'臺北市','華山1914文化創意產業園區'),(2020,595964,488748,377001,482483,334997,344118,500972,563224,433988,480786,502202,490492,5594975,'臺北市','松山文創園區'),(2020,65686,78398,57664,65141,88066,78413,77386,88000,88769,85520,85520,65666,924229,'新北市','鶯歌老街'),(2020,300000,182000,84000,63000,71000,95000,127000,144000,150000,146000,128000,131000,1621000,'新北市','三峽老街'),(2020,263000,294000,281900,222000,289000,321300,272000,340200,281880,411480,354240,316440,3647440,'新北市','八里左岸公園'),(2020,377000,388000,362400,301000,368000,416850,355000,436320,365040,543900,467720,403920,4785150,'新北市','淡水金色水岸'),(2020,159655,112853,132858,140384,203261,166295,173393,202153,158470,251650,191889,116859,2009720,'桃園市','竹圍漁港'),(2020,143894,349952,104571,83656,45640,46287,46158,64194,44918,48213,63944,212252,1253679,'苗栗縣','大湖草莓文化館'),(2020,4757,3806,1522,1066,3000,3500,3600,5214,3000,2600,2000,3000,37065,'苗栗縣','客家大院'),(2020,15305,9183,5546,4437,6521,9207,10128,11773,10801,14322,12824,14654,124701,'苗栗縣','客家圓樓'),(2020,416409,153940,120426,69960,47996,44076,60028,65618,70757,82538,73885,80589,1286222,'彰化縣','田尾公路花園'),(2020,486934,406607,43366,39445,33310,25363,26151,30556,29456,74162,89563,70598,1355511,'彰化縣','溪州公園'),(2020,78844,44984,34969,31982,46118,76508,72265,78670,70885,111341,89669,79758,815993,'彰化縣','臺灣玻璃館'),(2020,32642,31172,20794,11411,1931,9384,8687,9127,14452,32636,26474,32360,231070,'彰化縣','扇形車庫'),(2020,2750,2558,3702,7646,10940,21932,18607,32185,30359,13930,1786,1102,147497,'臺東縣','蘭嶼'),(2020,58783,28451,13034,16338,15444,30961,40083,62880,33005,49937,36161,38583,423660,'臺東縣','水往上流遊憩區'),(2020,2080,0,0,0,0,0,0,0,0,0,0,0,2080,'雲林縣','臺塑六輕阿媽公園'),(2020,110000,100000,70000,40000,80000,170000,100000,90000,80000,110000,150000,158000,1258000,'雲林縣','古坑綠色隧道'),(2020,578051,210428,152400,58300,52740,194967,380160,400498,200180,489900,420000,502142,3639766,'高雄市','駁二藝術特區'),(2020,337450,1160849,3181,2061,2955,5472,9298,9944,6951,11354,7862,8064,1565441,'高雄市','愛河(五福四路至博愛一路)'),(2020,9342,6675,5409,6376,5445,10732,10743,10771,6994,12018,13188,7428,105121,'高雄市','紅毛港文化園區'),(2020,23000,30000,14000,21000,20000,64000,66000,87100,62400,35000,33000,17000,472500,'臺東縣','金針山休閒農業區'),(2020,2280,1995,1092,869,2283,4384,10129,11549,4657,5707,3155,1582,49682,'澎湖縣','澎湖生活博物館'),(2020,22899,29229,25656,14781,21475,18011,14923,9908,12431,23920,20569,20802,234604,'臺北市','白石湖吊橋'),(2020,445198,411077,369413,332659,379552,373923,422246,474878,296506,534701,508443,342426,4891022,'桃園市','大溪老城區'),(2020,82671,133445,67056,62238,87152,128201,129064,124163,87666,90910,50475,34575,1077616,'臺中市','高美濕地'),(2020,17199,12453,6093,6882,7485,13442,13712,17648,11595,25481,22401,20490,174881,'臺中市','霧峰林家園區'),(2020,106129,82834,42084,26631,41707,56324,89589,80947,113214,158458,106662,92923,997502,'臺中市','臺中國家歌劇院');
/*!40000 ALTER TABLE `country` ENABLE KEYS */;
UNLOCK TABLES;

--
-- Table structure for table `country_diagnosed`
--

DROP TABLE IF EXISTS `country_diagnosed`;
/*!40101 SET @saved_cs_client     = @@character_set_client */;
/*!50503 SET character_set_client = utf8mb4 */;
CREATE TABLE `country_diagnosed` (
  `縣市` text,
  `確診人數` int DEFAULT NULL
) ENGINE=InnoDB DEFAULT CHARSET=utf8mb4 COLLATE=utf8mb4_0900_ai_ci;
/*!40101 SET character_set_client = @saved_cs_client */;

--
-- Dumping data for table `country_diagnosed`
--

LOCK TABLES `country_diagnosed` WRITE;
/*!40000 ALTER TABLE `country_diagnosed` DISABLE KEYS */;
INSERT INTO `country_diagnosed` VALUES ('新北市',10159),('臺北市',6401),('桃園市',2386),('基隆市',1159),('高雄市',855),('花蓮縣',640),('苗栗縣',611),('臺中市',424),('新竹縣',375),('宜蘭縣',343),('彰化縣',340),('臺南市',228),('屏東縣',199),('新竹市',169),('臺東縣',101),('嘉義縣',78),('雲林縣',59),('南投縣',53),('嘉義市',33),('澎湖縣',5),('金門縣',5),('連江縣',4);
/*!40000 ALTER TABLE `country_diagnosed` ENABLE KEYS */;
UNLOCK TABLES;

--
-- Table structure for table `homestay`
--

DROP TABLE IF EXISTS `homestay`;
/*!40101 SET @saved_cs_client     = @@character_set_client */;
/*!50503 SET character_set_client = utf8mb4 */;
CREATE TABLE `homestay` (
  `年` int DEFAULT NULL,
  `縣市` text,
  `一月` bigint DEFAULT NULL,
  `二月` bigint DEFAULT NULL,
  `三月` bigint DEFAULT NULL,
  `四月` bigint DEFAULT NULL,
  `五月` bigint DEFAULT NULL,
  `六月` bigint DEFAULT NULL,
  `七月` bigint DEFAULT NULL,
  `八月` bigint DEFAULT NULL,
  `九月` bigint DEFAULT NULL,
  `十月` bigint DEFAULT NULL,
  `十一月` bigint DEFAULT NULL,
  `十二月` bigint DEFAULT NULL,
  `總計` bigint DEFAULT NULL
) ENGINE=InnoDB DEFAULT CHARSET=utf8mb4 COLLATE=utf8mb4_0900_ai_ci;
/*!40101 SET character_set_client = @saved_cs_client */;

--
-- Dumping data for table `homestay`
--

LOCK TABLES `homestay` WRITE;
/*!40000 ALTER TABLE `homestay` DISABLE KEYS */;
INSERT INTO `homestay` VALUES (2019,'臺北市',78,24,30,39,10,24,12,20,16,16,60,42,371),(2019,'新竹市',0,0,0,0,0,0,0,0,0,0,0,0,0),(2019,'嘉義市',50,74,24,15,15,54,56,36,54,97,53,79,607),(2020,'臺北市',32,10,4,2,26,18,24,44,20,22,20,10,232),(2020,'新竹市',0,0,0,0,0,0,0,0,0,88,96,140,324),(2021,'臺北市',20,24,20,24,0,0,0,10,22,26,24,20,190);
/*!40000 ALTER TABLE `homestay` ENABLE KEYS */;
UNLOCK TABLES;

--
-- Table structure for table `taiwan_diagnosed`
--

DROP TABLE IF EXISTS `taiwan_diagnosed`;
/*!40101 SET @saved_cs_client     = @@character_set_client */;
/*!50503 SET character_set_client = utf8mb4 */;
CREATE TABLE `taiwan_diagnosed` (
  `年` int DEFAULT NULL,
  `一月` int DEFAULT NULL,
  `二月` int DEFAULT NULL,
  `三月` int DEFAULT NULL,
  `四月` int DEFAULT NULL,
  `五月` int DEFAULT NULL,
  `六月` int DEFAULT NULL,
  `七月` int DEFAULT NULL,
  `八月` int DEFAULT NULL,
  `九月` int DEFAULT NULL,
  `十月` int DEFAULT NULL,
  `十一月` int DEFAULT NULL,
  `十二月` int DEFAULT NULL,
  `合計` int DEFAULT NULL
) ENGINE=InnoDB DEFAULT CHARSET=utf8mb4 COLLATE=utf8mb4_0900_ai_ci;
/*!40101 SET character_set_client = @saved_cs_client */;

--
-- Dumping data for table `taiwan_diagnosed`
--

LOCK TABLES `taiwan_diagnosed` WRITE;
/*!40000 ALTER TABLE `taiwan_diagnosed` DISABLE KEYS */;
INSERT INTO `taiwan_diagnosed` VALUES (2019,0,0,0,0,0,0,0,0,0,0,0,0,0),(2020,19,26,330,61,9,6,29,17,25,53,120,128,863),(2021,115,30,87,108,8924,4871,778,316,209,167,205,490,16300);
/*!40000 ALTER TABLE `taiwan_diagnosed` ENABLE KEYS */;
UNLOCK TABLES;
/*!40103 SET TIME_ZONE=@OLD_TIME_ZONE */;

/*!40101 SET SQL_MODE=@OLD_SQL_MODE */;
/*!40014 SET FOREIGN_KEY_CHECKS=@OLD_FOREIGN_KEY_CHECKS */;
/*!40014 SET UNIQUE_CHECKS=@OLD_UNIQUE_CHECKS */;
/*!40101 SET CHARACTER_SET_CLIENT=@OLD_CHARACTER_SET_CLIENT */;
/*!40101 SET CHARACTER_SET_RESULTS=@OLD_CHARACTER_SET_RESULTS */;
/*!40101 SET COLLATION_CONNECTION=@OLD_COLLATION_CONNECTION */;
/*!40111 SET SQL_NOTES=@OLD_SQL_NOTES */;

-- Dump completed on 2022-04-20 11:44:00
